id,category,name,description,measure,price,visible,featured,discount,tags,images
jarrones-01,jarrones,Set de 2 Esculturas Entrelazadas,"Dos esculturas abstractas blancas que evocan conexión y abrazo. De diseño minimalista y románticas, perfectas para darle un toque artístico a cualquier rincón de tu hogar.","Grande 23 cm, Pequeña 19 cm",300,TRUE,FALSE,,"escultura, abstracta, blanca, romántica, pareja, decoración, minimalista","https://klugsystem-public-storage.s3.us-east-1.amazonaws.com/sweethome/assets/images/jarrones/escultura-1.jpeg, https://klugsystem-public-storage.s3.us-east-1.amazonaws.com/sweethome/assets/images/jarrones/escultura-1-1.jpeg, https://klugsystem-public-storage.s3.us-east-1.amazonaws.com/sweethome/assets/images/jarrones/escultura-1-2.jpeg, https://klugsystem-public-storage.s3.us-east-1.amazonaws.com/sweethome/assets/images/jarrones/escultura-1-3.jpeg, https://klugsystem-public-storage.s3.us-east-1.amazonaws.com/sweethome/assets/images/jarrones/escultura-1-4.jpeg, https://klugsystem-public-storage.s3.us-east-1.amazonaws.com/sweethome/assets/images/jarrones/escultura-1-5.jpeg, https://klugsystem-public-storage.s3.us-east-1.amazonaws.com/sweethome/assets/images/jarrones/escultura-1-6.jpeg"
jarrones-02,jarrones,Florero Vasija Blanco Minimalista,Florero de cerámica color blanco estilo minimalista de vasija con asa. Perfecto para todos los espacios de tu hogar y darle un acento cálido y rústico moderno.,25 cm de altura,175,TRUE,FALSE,,"florero, blanco, cerámica, vasija, minimalista, asa","https://klugsystem-public-storage.s3.us-east-1.amazonaws.com/sweethome/assets/images/jarrones/jarron-2.jpeg, https://klugsystem-public-storage.s3.us-east-1.amazonaws.com/sweethome/assets/images/jarrones/jarron-2-1.jpeg, https://klugsystem-public-storage.s3.us-east-1.amazonaws.com/sweethome/assets/images/jarrones/jarron-2-2.jpeg, https://klugsystem-public-storage.s3.us-east-1.amazonaws.com/sweethome/assets/images/jarrones/jarron-2-3.jpeg"
jarrones-03,jarrones,Set de 2 Jarrones Dona Negro y Zapote,"Set de 2 jarrones de cerámica en acabado negro y zapote, forma dona, estilo minimalista. Un contraste elegante perfecto para todos los espacios de tu hogar.","Grande 23 cm, Pequeña 20 cm",300,TRUE,FALSE,,"jarrón, dona, negro, zapote, terracota, cerámica, set","https://klugsystem-public-storage.s3.us-east-1.amazonaws.com/sweethome/assets/images/jarrones/jarron-3.jpeg, https://klugsystem-public-storage.s3.us-east-1.amazonaws.com/sweethome/assets/images/jarrones/jarron-3-1.jpeg, https://klugsystem-public-storage.s3.us-east-1.amazonaws.com/sweethome/assets/images/jarrones/jarron-3-3.jpeg, https://klugsystem-public-storage.s3.us-east-1.amazonaws.com/sweethome/assets/images/jarrones/jarron-3-4.jpeg, https://klugsystem-public-storage.s3.us-east-1.amazonaws.com/sweethome/assets/images/jarrones/jarron-3-5.jpeg, https://klugsystem-public-storage.s3.us-east-1.amazonaws.com/sweethome/assets/images/jarrones/jarron-3-6.jpeg, https://klugsystem-public-storage.s3.us-east-1.amazonaws.com/sweethome/assets/images/jarrones/jarron-3-7.jpeg"
jarrones-04,jarrones,Set de 2 Jarrones Entrelazados Negros,"Set de 2 jarrones de cerámica entrelazados estilo minimalista, en acabado negro mate. Sus formas orgánicas (creciente y dona) crean una composición escultural única para tu hogar.","Grande 23 cm, Pequeña 18 cm",300,TRUE,FALSE,,"jarrón, entrelazado, negro, cerámica, creciente, dona, set","https://klugsystem-public-storage.s3.us-east-1.amazonaws.com/sweethome/assets/images/jarrones/jarron-4.jpeg, https://klugsystem-public-storage.s3.us-east-1.amazonaws.com/sweethome/assets/images/jarrones/jarron-4-1.jpeg, https://klugsystem-public-storage.s3.us-east-1.amazonaws.com/sweethome/assets/images/jarrones/jarron-4-2.jpeg, https://klugsystem-public-storage.s3.us-east-1.amazonaws.com/sweethome/assets/images/jarrones/jarron-4-3.jpeg, https://klugsystem-public-storage.s3.us-east-1.amazonaws.com/sweethome/assets/images/jarrones/jarron-4-5.jpeg"
jarrones-05,jarrones,Set de 2 Jarrones Dona Negro Mate,"Set de 2 jarrones de cerámica lisos color negro forma de dona, estilo minimalista. Perfectos para todos los espacios de tu hogar; aportan profundidad y elegancia.","Grande 23 cm, Pequeña",300,TRUE,FALSE,,"jarrón, dona, negro, mate, cerámica, minimalista, set","https://klugsystem-public-storage.s3.us-east-1.amazonaws.com/sweethome/assets/images/jarrones/jarron-5.jpeg, https://klugsystem-public-storage.s3.us-east-1.amazonaws.com/sweethome/assets/images/jarrones/jarron-5-1.jpeg, https://klugsystem-public-storage.s3.us-east-1.amazonaws.com/sweethome/assets/images/jarrones/jarron-5-2.jpeg, https://klugsystem-public-storage.s3.us-east-1.amazonaws.com/sweethome/assets/images/jarrones/jarron-5-3.jpeg, https://klugsystem-public-storage.s3.us-east-1.amazonaws.com/sweethome/assets/images/jarrones/jarron-5-4.jpeg"
jarrones-06,jarrones,Set de 3 Jarrones Dona Blancos,"Set de 3 jarrones de cerámica blancos lisos forma de dona estilo minimalista, perfectos para todos los espacios de tu hogar. Llenan de calidez y pureza cualquier repisa.","Grande 20 cm, Mediano 18 cm, Pequeño 15 cm",350,TRUE,FALSE,,"jarrón, dona, blanco, cerámica, minimalista, set","https://klugsystem-public-storage.s3.us-east-1.amazonaws.com/sweethome/assets/images/jarrones/jarron-6.jpeg, https://klugsystem-public-storage.s3.us-east-1.amazonaws.com/sweethome/assets/images/jarrones/jarron-6-1.jpeg, https://klugsystem-public-storage.s3.us-east-1.amazonaws.com/sweethome/assets/images/jarrones/jarron-6-2.jpeg, https://klugsystem-public-storage.s3.us-east-1.amazonaws.com/sweethome/assets/images/jarrones/jarron-6-3.jpeg, https://klugsystem-public-storage.s3.us-east-1.amazonaws.com/sweethome/assets/images/jarrones/jarron-6-4.jpeg"
jarrones-07,jarrones,Set de 2 Jarrones Blancos Irregulares,"Set de 2 jarrones de cerámica blancos irregulares con textura, estilo orgánico minimalista. Sus formas únicas aportan un aire artístico y natural a tu hogar.","Grande 20 cm, Pequeña 14 cm",300,TRUE,FALSE,,"jarrón, blanco, irregular, textura, orgánico, cerámica, set","https://klugsystem-public-storage.s3.us-east-1.amazonaws.com/sweethome/assets/images/jarrones/jarron-7.jpeg, https://klugsystem-public-storage.s3.us-east-1.amazonaws.com/sweethome/assets/images/jarrones/jarron-7-1.jpeg, https://klugsystem-public-storage.s3.us-east-1.amazonaws.com/sweethome/assets/images/jarrones/jarron-7-2.jpeg, https://klugsystem-public-storage.s3.us-east-1.amazonaws.com/sweethome/assets/images/jarrones/jarron-7-3.jpeg, https://klugsystem-public-storage.s3.us-east-1.amazonaws.com/sweethome/assets/images/jarrones/jarron-7-4.jpeg"
jarrones-08,jarrones,Set de 2 Jarrones Dona Blancos Lisos,"Set de 2 jarrones de cerámica blancos lisos forma de dona, estilo minimalista. Perfectos para todos los espacios de tu hogar; transmiten paz y pureza.","Grande 23 cm, Pequeña",300,TRUE,FALSE,,"jarrón, dona, blanco, liso, cerámica, minimalista, set","https://klugsystem-public-storage.s3.us-east-1.amazonaws.com/sweethome/assets/images/jarrones/jarron-8.jpeg, https://klugsystem-public-storage.s3.us-east-1.amazonaws.com/sweethome/assets/images/jarrones/jarron-8-1.jpeg, https://klugsystem-public-storage.s3.us-east-1.amazonaws.com/sweethome/assets/images/jarrones/jarron-8-2.jpeg, https://klugsystem-public-storage.s3.us-east-1.amazonaws.com/sweethome/assets/images/jarrones/jarron-8-3.jpeg, https://klugsystem-public-storage.s3.us-east-1.amazonaws.com/sweethome/assets/images/jarrones/jarron-8-4.jpeg, https://klugsystem-public-storage.s3.us-east-1.amazonaws.com/sweethome/assets/images/jarrones/jarron-8-5.jpeg"
jarrones-09,jarrones,Set de 2 Jarrones Blancos Orgánicos,"Set de 2 jarrones de cerámica blancos de formas orgánicas (arco y dona), estilo minimalista escultural. Perfectos para darle un aire contemporáneo y artístico a tu espacio.","Grande 23 cm, Pequeña 18 cm",300,TRUE,FALSE,,"jarrón, blanco, orgánico, arco, dona, cerámica, set","https://klugsystem-public-storage.s3.us-east-1.amazonaws.com/sweethome/assets/images/jarrones/jarron-9.jpeg, https://klugsystem-public-storage.s3.us-east-1.amazonaws.com/sweethome/assets/images/jarrones/jarron-9-1.jpeg, https://klugsystem-public-storage.s3.us-east-1.amazonaws.com/sweethome/assets/images/jarrones/jarron-9-2.jpeg, https://klugsystem-public-storage.s3.us-east-1.amazonaws.com/sweethome/assets/images/jarrones/jarron-9-3.jpeg, https://klugsystem-public-storage.s3.us-east-1.amazonaws.com/sweethome/assets/images/jarrones/jarron-9-4.jpeg, https://klugsystem-public-storage.s3.us-east-1.amazonaws.com/sweethome/assets/images/jarrones/jarron-9-5.jpeg, https://klugsystem-public-storage.s3.us-east-1.amazonaws.com/sweethome/assets/images/jarrones/jarron-9-6.jpeg, https://klugsystem-public-storage.s3.us-east-1.amazonaws.com/sweethome/assets/images/jarrones/jarron-9-7.jpeg"
jarrones-10,jarrones,Set de 2 Jarrones Origami Gris Degradado,"Set de 2 jarrones altos con diseño geométrico tipo origami en degradado gris a blanco. Un statement piece moderno y elegante para mesas de entrada, comedores o salas.","Grande 30 cm, Pequeña 27 cm",300,TRUE,FALSE,,"jarrón, gris, degradado, origami, geométrico, moderno, alto, set","https://klugsystem-public-storage.s3.us-east-1.amazonaws.com/sweethome/assets/images/jarrones/jarron-10.jpeg, https://klugsystem-public-storage.s3.us-east-1.amazonaws.com/sweethome/assets/images/jarrones/jarron-10-1.jpeg, https://klugsystem-public-storage.s3.us-east-1.amazonaws.com/sweethome/assets/images/jarrones/jarron-10-2.jpeg, https://klugsystem-public-storage.s3.us-east-1.amazonaws.com/sweethome/assets/images/jarrones/jarron-10-3.jpeg"
jarrones-11,jarrones,Set de 2 Jarrones Irregulares Negros,Set de 2 jarrones de cerámica color negro irregulares estilo minimalista. Sus formas orgánicas únicas crean un contraste elegante en cualquier ambiente.,"Grande 20 cm, Pequeña 14 cm",300,TRUE,FALSE,,"jarrón, negro, irregular, orgánico, cerámica, set","https://klugsystem-public-storage.s3.us-east-1.amazonaws.com/sweethome/assets/images/jarrones/jarron-11.jpeg, https://klugsystem-public-storage.s3.us-east-1.amazonaws.com/sweethome/assets/images/jarrones/jarron-11-1.jpeg, https://klugsystem-public-storage.s3.us-east-1.amazonaws.com/sweethome/assets/images/jarrones/jarron-11-2.jpeg, https://klugsystem-public-storage.s3.us-east-1.amazonaws.com/sweethome/assets/images/jarrones/jarron-11-3.jpeg, https://klugsystem-public-storage.s3.us-east-1.amazonaws.com/sweethome/assets/images/jarrones/jarron-11-4.jpeg, https://klugsystem-public-storage.s3.us-east-1.amazonaws.com/sweethome/assets/images/jarrones/jarron-11-5.jpeg"
jarrones-12,jarrones,Set de 4 Mini Jarrones Negros,"Set de 4 mini jarrones de cerámica color negro estilo minimalista y moderno. Ideal para flores secas, ramitas decorativas o como composición escultural en estantes.","Grande 22 cm, Medianos 14 cm, Pequeño 10 cm",250,TRUE,FALSE,,"jarrón, mini, negro, set, cerámica, minimalista, moderno","https://klugsystem-public-storage.s3.us-east-1.amazonaws.com/sweethome/assets/images/jarrones/jarron-12.jpeg, https://klugsystem-public-storage.s3.us-east-1.amazonaws.com/sweethome/assets/images/jarrones/jarron-12-1.jpeg, https://klugsystem-public-storage.s3.us-east-1.amazonaws.com/sweethome/assets/images/jarrones/jarron-12-2.jpeg, https://klugsystem-public-storage.s3.us-east-1.amazonaws.com/sweethome/assets/images/jarrones/jarron-12-3.jpeg"
jarrones-13,jarrones,Set de 3 Jarrones Beige Irregulares,Set de 3 jarrones de cerámica beige irregulares modernos. Sus tonos cálidos y formas orgánicas aportan calidez y sofisticación a cualquier espacio.,"Grande 22 cm, Mediano 14 cm, Pequeño 13 cm",250,TRUE,FALSE,,"jarrón, beige, irregular, moderno, cerámica, cálido, set","https://klugsystem-public-storage.s3.us-east-1.amazonaws.com/sweethome/assets/images/jarrones/jarron-13.jpeg, https://klugsystem-public-storage.s3.us-east-1.amazonaws.com/sweethome/assets/images/jarrones/jarron-13-1.jpeg, https://klugsystem-public-storage.s3.us-east-1.amazonaws.com/sweethome/assets/images/jarrones/jarron-13-2.jpeg"
jarrones-14,jarrones,Jarrón Dona Dorado con Negro,"Jarrón de cerámica con forma de dona, acabado mitad dorado mitad negro. Diseño moderno que se roba todas las miradas — ideal como pieza central de decoración.",25.5 cm de altura,185,TRUE,FALSE,,"jarrón, dona, dorado, negro, cerámica, moderno, statement","https://klugsystem-public-storage.s3.us-east-1.amazonaws.com/sweethome/assets/images/jarrones/jarron-14.jpeg, https://klugsystem-public-storage.s3.us-east-1.amazonaws.com/sweethome/assets/images/jarrones/jarron-14-1.jpeg, https://klugsystem-public-storage.s3.us-east-1.amazonaws.com/sweethome/assets/images/jarrones/jarron-14-2.jpeg, https://klugsystem-public-storage.s3.us-east-1.amazonaws.com/sweethome/assets/images/jarrones/jarron-14-3.jpeg, https://klugsystem-public-storage.s3.us-east-1.amazonaws.com/sweethome/assets/images/jarrones/jarron-14-4.jpeg"
jarrones-15,jarrones,Set de 2 Jarrones Cuadrados Texturizados,Set de 2 floreros de cerámica color blanco con forma cuadrada y textura en líneas. Perfectos para todos los espacios y combinan elegantemente en composiciones modernas.,22 cm de altura,300,TRUE,FALSE,,"jarrón, florero, cuadrado, blanco, textura, cerámica, set","https://klugsystem-public-storage.s3.us-east-1.amazonaws.com/sweethome/assets/images/jarrones/jarron-15.jpeg, https://klugsystem-public-storage.s3.us-east-1.amazonaws.com/sweethome/assets/images/jarrones/jarron-15-1.jpeg, https://klugsystem-public-storage.s3.us-east-1.amazonaws.com/sweethome/assets/images/jarrones/jarron-15-2.jpeg, https://klugsystem-public-storage.s3.us-east-1.amazonaws.com/sweethome/assets/images/jarrones/jarron-15-3.jpeg, https://klugsystem-public-storage.s3.us-east-1.amazonaws.com/sweethome/assets/images/jarrones/jarron-15-4.jpeg"
jarrones-16,jarrones,Set de 2 Floreros Cónicos Blancos,Set de 2 floreros de cerámica color blanco con forma cónica alta. Estilo minimalista perfecto para todos los espacios; ideales para ramos grandes y flores altas.,35 cm de altura,250,TRUE,FALSE,,"florero, cónico, blanco, alto, cerámica, minimalista, set","https://klugsystem-public-storage.s3.us-east-1.amazonaws.com/sweethome/assets/images/jarrones/jarron-16.jpeg, https://klugsystem-public-storage.s3.us-east-1.amazonaws.com/sweethome/assets/images/jarrones/jarron-16-1.jpeg, https://klugsystem-public-storage.s3.us-east-1.amazonaws.com/sweethome/assets/images/jarrones/jarron-16-2.jpeg, https://klugsystem-public-storage.s3.us-east-1.amazonaws.com/sweethome/assets/images/jarrones/jarron-16-3.jpeg"
tablas-queso-01,tablas-queso,Divisor de Bambú Giratorio con Bowls,Divisor de bambú multifuncional giratorio con dos mini bowls cerámicos blancos para servir alimentos o snacks. Ideal para reuniones y sobremesas elegantes.,"25 cm de diámetro, 2 cm de grosor",400,TRUE,FALSE,,"divisor, bambú, giratorio, snacks, bowls, servir","https://klugsystem-public-storage.s3.us-east-1.amazonaws.com/sweethome/assets/images/tablas_de_queso/tabla-de-queso-1.jpeg, https://klugsystem-public-storage.s3.us-east-1.amazonaws.com/sweethome/assets/images/tablas_de_queso/tabla-de-queso-1-1.jpeg, https://klugsystem-public-storage.s3.us-east-1.amazonaws.com/sweethome/assets/images/tablas_de_queso/tabla-de-queso-1-2.jpeg, https://klugsystem-public-storage.s3.us-east-1.amazonaws.com/sweethome/assets/images/tablas_de_queso/tabla-de-queso-1-3.jpeg, https://klugsystem-public-storage.s3.us-east-1.amazonaws.com/sweethome/assets/images/tablas_de_queso/tabla-de-queso-1-4.jpeg"
tablas-queso-02,tablas-queso,Tabla de Queso Rectangular con 4 Cuchillos,"Tabla de queso de madera rectangular con su juego de 4 cuchillos de bambú y compartimientos, incluye bowl central. Esencial para servir con elegancia.",40 cm de largo x 23 cm de ancho,275,TRUE,FALSE,,"tabla de queso, cuchillos, madera, compartimientos, servir, rectangular","https://klugsystem-public-storage.s3.us-east-1.amazonaws.com/sweethome/assets/images/tablas_de_queso/tabla-de-queso-2.jpeg, https://klugsystem-public-storage.s3.us-east-1.amazonaws.com/sweethome/assets/images/tablas_de_queso/tabla-de-queso-2-1.jpeg, https://klugsystem-public-storage.s3.us-east-1.amazonaws.com/sweethome/assets/images/tablas_de_queso/tabla-de-queso-2-2.jpeg, https://klugsystem-public-storage.s3.us-east-1.amazonaws.com/sweethome/assets/images/tablas_de_queso/tabla-de-queso-2-3.jpeg"
tablas-queso-03,tablas-queso,Tabla de Queso Cuadrada Madera Oscura,"Tabla de queso de madera oscura cuadrada con compartimientos, esencial para servir quesos, snacks o aperitivos con elegancia.",40 cm,400,TRUE,FALSE,,"tabla de queso, madera oscura, cuadrada, compartimientos, servir","https://klugsystem-public-storage.s3.us-east-1.amazonaws.com/sweethome/assets/images/tablas_de_queso/tabla-de-queso-3.jpeg, https://klugsystem-public-storage.s3.us-east-1.amazonaws.com/sweethome/assets/images/tablas_de_queso/tabla-de-queso-3-1.jpeg, https://klugsystem-public-storage.s3.us-east-1.amazonaws.com/sweethome/assets/images/tablas_de_queso/tabla-de-queso-3-2.jpeg, https://klugsystem-public-storage.s3.us-east-1.amazonaws.com/sweethome/assets/images/tablas_de_queso/tabla-de-queso-3-3.jpeg"
tablas-queso-04,tablas-queso,Tabla de Queso con Mármol y Cuchillos,Tabla de queso de madera rectangular con sección de mármol integrada y set de cuchillos de bambú. Combinación elegante de materiales para una presentación sofisticada.,40 cm de largo,275,TRUE,FALSE,,"tabla de queso, mármol, cuchillos, bambú, elegante, rectangular","https://klugsystem-public-storage.s3.us-east-1.amazonaws.com/sweethome/assets/images/tablas_de_queso/tabla-de-queso-4.jpeg, https://klugsystem-public-storage.s3.us-east-1.amazonaws.com/sweethome/assets/images/tablas_de_queso/tabla-de-queso-4-1.jpeg"
tablas-queso-05,tablas-queso,Tabla de Queso con Sección de Mármol Gris,Tabla de queso de madera clara con inserción de mármol gris y set de cuchillos. Perfecta para servir con estilo moderno y refinado.,40 cm de largo,275,TRUE,FALSE,,"tabla de queso, mármol, gris, cuchillos, moderno, rectangular","https://klugsystem-public-storage.s3.us-east-1.amazonaws.com/sweethome/assets/images/tablas_de_queso/tabla-de-queso-5.jpeg, https://klugsystem-public-storage.s3.us-east-1.amazonaws.com/sweethome/assets/images/tablas_de_queso/tabla-de-queso-5-1.jpeg, https://klugsystem-public-storage.s3.us-east-1.amazonaws.com/sweethome/assets/images/tablas_de_queso/tabla-de-queso-5-2.jpeg"
trays-01,trays-bandejas,Try 2 Niveles Rectangular Café Claro,"Try de dos niveles de madera color café claro con manija negra central. Elegante y práctico, úsalo para almacenar artículos u organizar espacios de tu hogar.","47 cm de altura, bandeja grande 41 x 30 cm, bandeja mediana 29 x 22 cm",350,TRUE,FALSE,,"try, 2 niveles, madera, café claro, rectangular, manija","https://klugsystem-public-storage.s3.us-east-1.amazonaws.com/sweethome/assets/images/try_tablas_bandejas/try-1.jpeg, https://klugsystem-public-storage.s3.us-east-1.amazonaws.com/sweethome/assets/images/try_tablas_bandejas/try-1-1.jpeg, https://klugsystem-public-storage.s3.us-east-1.amazonaws.com/sweethome/assets/images/try_tablas_bandejas/try-1-2.jpeg"
trays-02,trays-bandejas,Try 2 Niveles Redondo Bambú,Try de dos niveles de madera color café claro con forma redonda y manija negra. Perfecto para servir o almacenar con un toque rústico moderno.,"46 cm de alto, bandeja grande 33 cm, bandeja mediana 23 cm",350,TRUE,FALSE,,"try, 2 niveles, madera, redondo, bambú, café claro","https://klugsystem-public-storage.s3.us-east-1.amazonaws.com/sweethome/assets/images/try_tablas_bandejas/try-2.jpeg, https://klugsystem-public-storage.s3.us-east-1.amazonaws.com/sweethome/assets/images/try_tablas_bandejas/try-2-1.jpeg, https://klugsystem-public-storage.s3.us-east-1.amazonaws.com/sweethome/assets/images/try_tablas_bandejas/try-2-2.jpeg, https://klugsystem-public-storage.s3.us-east-1.amazonaws.com/sweethome/assets/images/try_tablas_bandejas/try-2-3.jpeg"
trays-03,trays-bandejas,Soporte Decorativo Madera Oscura,Soporte decorativo de madera oscura con base redonda y varilla central. Úsalo como pieza decorativa minimalista o como base para otros elementos.,25 cm de altura,350,TRUE,FALSE,,"soporte, madera oscura, decorativo, minimalista","https://klugsystem-public-storage.s3.us-east-1.amazonaws.com/sweethome/assets/images/try_tablas_bandejas/try-3.jpeg, https://klugsystem-public-storage.s3.us-east-1.amazonaws.com/sweethome/assets/images/try_tablas_bandejas/try-3-1.jpeg, https://klugsystem-public-storage.s3.us-east-1.amazonaws.com/sweethome/assets/images/try_tablas_bandejas/try-3-2.jpeg, https://klugsystem-public-storage.s3.us-east-1.amazonaws.com/sweethome/assets/images/try_tablas_bandejas/try-3-3.jpeg"
trays-04,trays-bandejas,Mini Try de 2 Niveles Café Oscuro,"Mini try de dos niveles de madera color café oscuro, elegante. Úsalo para almacenar artículos u organizar espacios de tu hogar con un toque cálido y rústico moderno.","25 cm de altura, bandeja grande 20 cm de diámetro, bandeja pequeña 15 cm de diámetro",160,TRUE,FALSE,,"mini try, 2 niveles, madera, café oscuro, rústico, almacenamiento","https://klugsystem-public-storage.s3.us-east-1.amazonaws.com/sweethome/assets/images/try_tablas_bandejas/try-4.jpeg, https://klugsystem-public-storage.s3.us-east-1.amazonaws.com/sweethome/assets/images/try_tablas_bandejas/try-4-1.jpeg, https://klugsystem-public-storage.s3.us-east-1.amazonaws.com/sweethome/assets/images/try_tablas_bandejas/try-4-2.jpeg, https://klugsystem-public-storage.s3.us-east-1.amazonaws.com/sweethome/assets/images/try_tablas_bandejas/try-4-3.jpeg"
trays-05,trays-bandejas,Mini Try 2 Niveles Madera con Varilla Dorada,"Mini try de dos niveles en madera color café claro, moderno y elegante; varilla central dorada. Puedes utilizarla para almacenar artículos u organizar espacios de tu hogar.","25 cm de alto, plato grande 20 cm de diámetro, plato pequeño 15 cm de diámetro",325,TRUE,FALSE,,"try, mini try, 2 niveles, madera, dorado, café claro, varilla","https://klugsystem-public-storage.s3.us-east-1.amazonaws.com/sweethome/assets/images/try_tablas_bandejas/try-5.jpeg, https://klugsystem-public-storage.s3.us-east-1.amazonaws.com/sweethome/assets/images/try_tablas_bandejas/try-5-1.jpeg, https://klugsystem-public-storage.s3.us-east-1.amazonaws.com/sweethome/assets/images/try_tablas_bandejas/try-5-2.jpeg, https://klugsystem-public-storage.s3.us-east-1.amazonaws.com/sweethome/assets/images/try_tablas_bandejas/try-5-3.jpeg"
trays-06,trays-bandejas,Try 3 Niveles Pedestal Blanco,Try de tres niveles estilo pedestal en color blanco vintage. Elegante y perfecto para almacenar artículos o exhibir piezas decorativas.,40 cm de alto,350,TRUE,FALSE,,"try, 3 niveles, blanco, vintage, pedestal, cake stand","https://klugsystem-public-storage.s3.us-east-1.amazonaws.com/sweethome/assets/images/try_tablas_bandejas/try-6.jpeg, https://klugsystem-public-storage.s3.us-east-1.amazonaws.com/sweethome/assets/images/try_tablas_bandejas/try-6-1.jpeg, https://klugsystem-public-storage.s3.us-east-1.amazonaws.com/sweethome/assets/images/try_tablas_bandejas/try-6-2.jpeg"
trays-07,trays-bandejas,Try 2 Niveles Blanco Vintage,"Try de dos niveles de madera color blanco, estilo vintage y elegante. Puedes utilizarla para almacenar artículos u organizar espacios de tu hogar.","46 cm de alto, plato grande 33 cm de diámetro, plato pequeño 33 cm de diámetro",350,TRUE,FALSE,,"try, 2 niveles, blanco, vintage, manija, elegante","https://klugsystem-public-storage.s3.us-east-1.amazonaws.com/sweethome/assets/images/try_tablas_bandejas/try-8.jpeg, https://klugsystem-public-storage.s3.us-east-1.amazonaws.com/sweethome/assets/images/try_tablas_bandejas/try-8-1.jpeg, https://klugsystem-public-storage.s3.us-east-1.amazonaws.com/sweethome/assets/images/try_tablas_bandejas/try-8-2.jpeg, https://klugsystem-public-storage.s3.us-east-1.amazonaws.com/sweethome/assets/images/try_tablas_bandejas/try-8-3.jpeg, https://klugsystem-public-storage.s3.us-east-1.amazonaws.com/sweethome/assets/images/try_tablas_bandejas/try-8-4.jpeg"
trays-08,trays-bandejas,Try 3 Niveles Blanco Vintage,"Try de tres niveles de madera color blanco vintage, estilo elegante. Puedes utilizarla para almacenar artículos u organizar espacios de tu hogar.","40 cm de alto, bandeja grande 44 cm x 12 cm de ancho, bandeja mediana 36 cm y bandeja pequeña 29 cm",350,TRUE,FALSE,,"try, 3 niveles, blanco, vintage, elegante, organizador","https://klugsystem-public-storage.s3.us-east-1.amazonaws.com/sweethome/assets/images/try_tablas_bandejas/try-9.jpeg, https://klugsystem-public-storage.s3.us-east-1.amazonaws.com/sweethome/assets/images/try_tablas_bandejas/try-9-1.jpeg, https://klugsystem-public-storage.s3.us-east-1.amazonaws.com/sweethome/assets/images/try_tablas_bandejas/try-9-2.jpeg, https://klugsystem-public-storage.s3.us-east-1.amazonaws.com/sweethome/assets/images/try_tablas_bandejas/try-9-3.jpeg"
trays-09,trays-bandejas,Try 3 Niveles Madera Natural,"Try de tres niveles de madera natural, aspecto rústico y moderno. Perfecta para exhibir macetas, libros o elementos decorativos con estilo natural.","40 cm de alto, bandeja grande 44 cm x 12 cm de ancho, bandeja mediana 36 cm y bandeja pequeña 29 cm",350,TRUE,FALSE,,"try, 3 niveles, madera natural, rústico, decorativa","https://klugsystem-public-storage.s3.us-east-1.amazonaws.com/sweethome/assets/images/try_tablas_bandejas/try-11.jpeg, https://klugsystem-public-storage.s3.us-east-1.amazonaws.com/sweethome/assets/images/try_tablas_bandejas/try-11-1.jpeg, https://klugsystem-public-storage.s3.us-east-1.amazonaws.com/sweethome/assets/images/try_tablas_bandejas/try-11-2.jpeg, https://klugsystem-public-storage.s3.us-east-1.amazonaws.com/sweethome/assets/images/try_tablas_bandejas/try-11-3.jpeg, https://klugsystem-public-storage.s3.us-east-1.amazonaws.com/sweethome/assets/images/try_tablas_bandejas/try-11-4.jpeg, https://klugsystem-public-storage.s3.us-east-1.amazonaws.com/sweethome/assets/images/try_tablas_bandejas/try-11-5.jpeg"
trays-10,trays-bandejas,Mini Escalera Madera Natural,"Mini escalera decorativa de madera natural estilo rústico. Compacta y versátil, perfecta para rincones pequeños o sobre mesas.","25 cm de altura, bandeja grande 20 cm de diámetro, bandeja pequeña 15 cm de diámetro",160,TRUE,FALSE,,"mini escalera, madera natural, rústico, compacto","https://klugsystem-public-storage.s3.us-east-1.amazonaws.com/sweethome/assets/images/try_tablas_bandejas/try-12.jpeg, https://klugsystem-public-storage.s3.us-east-1.amazonaws.com/sweethome/assets/images/try_tablas_bandejas/try-12-1.jpeg, https://klugsystem-public-storage.s3.us-east-1.amazonaws.com/sweethome/assets/images/try_tablas_bandejas/try-12-2.jpeg, https://klugsystem-public-storage.s3.us-east-1.amazonaws.com/sweethome/assets/images/try_tablas_bandejas/try-12-3.jpeg, https://klugsystem-public-storage.s3.us-east-1.amazonaws.com/sweethome/assets/images/try_tablas_bandejas/try-12-4.jpeg, https://klugsystem-public-storage.s3.us-east-1.amazonaws.com/sweethome/assets/images/try_tablas_bandejas/try-12-5.jpeg"
bandejas-07,trays-bandejas,Bandeja Madera Negra Circular,"Bandeja circular de madera color negro, moderna y elegante. Puedes utilizarla como bandeja de servir o como pieza decorativa minimalista.",30 cm de diámetro,175,TRUE,FALSE,,"bandeja, madera, negro, circular, servir","https://klugsystem-public-storage.s3.us-east-1.amazonaws.com/sweethome/assets/images/try_tablas_bandejas/bandeja-7.jpeg, https://klugsystem-public-storage.s3.us-east-1.amazonaws.com/sweethome/assets/images/try_tablas_bandejas/bandeja-7-1.jpeg, https://klugsystem-public-storage.s3.us-east-1.amazonaws.com/sweethome/assets/images/try_tablas_bandejas/bandeja-7-2.jpeg"
bandejas-10,trays-bandejas,Bandeja Bambú con Divisores y Bowl,"Bandeja redonda de bambú con compartimientos divididos y bowl central cerámico. Ideal para servir snacks, aperitivos o dips en reuniones.",25 cm de diámetro,150,TRUE,FALSE,,"bandeja, bambú, divisores, bowl, servir, snacks","https://klugsystem-public-storage.s3.us-east-1.amazonaws.com/sweethome/assets/images/try_tablas_bandejas/bandeja-10.jpeg, https://klugsystem-public-storage.s3.us-east-1.amazonaws.com/sweethome/assets/images/try_tablas_bandejas/bandeja-10-1.jpeg, https://klugsystem-public-storage.s3.us-east-1.amazonaws.com/sweethome/assets/images/try_tablas_bandejas/bandeja-10-2.jpeg, https://klugsystem-public-storage.s3.us-east-1.amazonaws.com/sweethome/assets/images/try_tablas_bandejas/bandeja-10-3.jpeg, https://klugsystem-public-storage.s3.us-east-1.amazonaws.com/sweethome/assets/images/try_tablas_bandejas/bandeja-10-4.jpeg"
bandejas-13,trays-bandejas,Bandeja de Acrílico Azul con Borde Dorado,"Bandeja de acrílico color azul con borde dorado, moderna y elegante. Perfecta para servir o como pieza central decorativa con un acento statement.",33 cm de diámetro x 4 cm de altura,200,TRUE,FALSE,,"bandeja, acrílico, azul, dorado, servir, statement","https://klugsystem-public-storage.s3.us-east-1.amazonaws.com/sweethome/assets/images/try_tablas_bandejas/bandeja-13.jpeg, https://klugsystem-public-storage.s3.us-east-1.amazonaws.com/sweethome/assets/images/try_tablas_bandejas/bandeja-13-1.jpeg, https://klugsystem-public-storage.s3.us-east-1.amazonaws.com/sweethome/assets/images/try_tablas_bandejas/bandeja-13-2.jpeg, https://klugsystem-public-storage.s3.us-east-1.amazonaws.com/sweethome/assets/images/try_tablas_bandejas/bandeja-13-3.jpeg, https://klugsystem-public-storage.s3.us-east-1.amazonaws.com/sweethome/assets/images/try_tablas_bandejas/bandeja-13-4.jpeg, https://klugsystem-public-storage.s3.us-east-1.amazonaws.com/sweethome/assets/images/try_tablas_bandejas/bandeja-13-5.jpeg, https://klugsystem-public-storage.s3.us-east-1.amazonaws.com/sweethome/assets/images/try_tablas_bandejas/bandeja-13-6.jpeg"
bandejas-14,trays-bandejas,Bandeja Madera Circular Natural,"Bandeja de madera circular en tono natural, moderna y elegante. Úsala para servir o para almacenar artículos con un estilo orgánico y cálido.",32 cm de circunferencia,175,TRUE,FALSE,,"bandeja, madera, circular, natural, servir","https://klugsystem-public-storage.s3.us-east-1.amazonaws.com/sweethome/assets/images/try_tablas_bandejas/bandeja-14.jpeg, https://klugsystem-public-storage.s3.us-east-1.amazonaws.com/sweethome/assets/images/try_tablas_bandejas/bandeja-14-1.jpeg, https://klugsystem-public-storage.s3.us-east-1.amazonaws.com/sweethome/assets/images/try_tablas_bandejas/bandeja-14-2.jpeg, https://klugsystem-public-storage.s3.us-east-1.amazonaws.com/sweethome/assets/images/try_tablas_bandejas/bandeja-14-4.jpeg, https://klugsystem-public-storage.s3.us-east-1.amazonaws.com/sweethome/assets/images/try_tablas_bandejas/bandeja-14-5.jpeg, https://klugsystem-public-storage.s3.us-east-1.amazonaws.com/sweethome/assets/images/try_tablas_bandejas/bandeja-14-6.jpeg, https://klugsystem-public-storage.s3.us-east-1.amazonaws.com/sweethome/assets/images/try_tablas_bandejas/bandeja-14-7.jpeg"
bandejas-15,trays-bandejas,Bandeja Acrílico Cuadrada con Peonías,"Bandeja de acrílico cuadrada con diseño estampado de peonías azules y blancas. Moderna y elegante, úsala para servir o almacenar con un toque floral y sofisticado.",40 cm de largo,300,TRUE,FALSE,,"bandeja, acrílico, cuadrada, peonías, azul, floral, estampada","https://klugsystem-public-storage.s3.us-east-1.amazonaws.com/sweethome/assets/images/try_tablas_bandejas/bandeja-15.jpeg, https://klugsystem-public-storage.s3.us-east-1.amazonaws.com/sweethome/assets/images/try_tablas_bandejas/bandeja-15-1.jpeg, https://klugsystem-public-storage.s3.us-east-1.amazonaws.com/sweethome/assets/images/try_tablas_bandejas/bandeja-15-2.jpeg, https://klugsystem-public-storage.s3.us-east-1.amazonaws.com/sweethome/assets/images/try_tablas_bandejas/bandeja-15-3.jpeg, https://klugsystem-public-storage.s3.us-east-1.amazonaws.com/sweethome/assets/images/try_tablas_bandejas/bandeja-15-4.jpeg, https://klugsystem-public-storage.s3.us-east-1.amazonaws.com/sweethome/assets/images/try_tablas_bandejas/bandeja-15-5.jpeg"
bandejas-16,trays-bandejas,Bandeja Metal Negra con Borde Decorativo,"Bandeja de metal color negro con borde en relieve decorativo. Moderna y elegante, úsala como bandeja de servir o como pieza decorativa central.",30 cm de diámetro,250,TRUE,FALSE,,"bandeja, metal, negro, borde decorativo, servir","https://klugsystem-public-storage.s3.us-east-1.amazonaws.com/sweethome/assets/images/try_tablas_bandejas/bandeja-16.jpeg, https://klugsystem-public-storage.s3.us-east-1.amazonaws.com/sweethome/assets/images/try_tablas_bandejas/bandeja-16-1.jpeg, https://klugsystem-public-storage.s3.us-east-1.amazonaws.com/sweethome/assets/images/try_tablas_bandejas/bandeja-16-2.jpeg, https://klugsystem-public-storage.s3.us-east-1.amazonaws.com/sweethome/assets/images/try_tablas_bandejas/bandeja-16-3.jpeg, https://klugsystem-public-storage.s3.us-east-1.amazonaws.com/sweethome/assets/images/try_tablas_bandejas/bandeja-16-4.jpeg, https://klugsystem-public-storage.s3.us-east-1.amazonaws.com/sweethome/assets/images/try_tablas_bandejas/bandeja-16-5.jpeg, https://klugsystem-public-storage.s3.us-east-1.amazonaws.com/sweethome/assets/images/try_tablas_bandejas/bandeja-16-6.jpeg"
bandejas-17,trays-bandejas,Bandeja Rectangular Madera Rojiza,"Bandeja rectangular de madera rojiza con asas laterales. Elegante y versátil, perfecta para servir o exhibir piezas con un estilo clásico cálido.",40 cm de largo x 30 cm de ancho,225,TRUE,FALSE,,"bandeja, madera, rojiza, rectangular, asas, servir","https://klugsystem-public-storage.s3.us-east-1.amazonaws.com/sweethome/assets/images/try_tablas_bandejas/bandeja-17.jpeg, https://klugsystem-public-storage.s3.us-east-1.amazonaws.com/sweethome/assets/images/try_tablas_bandejas/bandeja-17-1.jpeg, https://klugsystem-public-storage.s3.us-east-1.amazonaws.com/sweethome/assets/images/try_tablas_bandejas/bandeja-17-3.jpeg, https://klugsystem-public-storage.s3.us-east-1.amazonaws.com/sweethome/assets/images/try_tablas_bandejas/bandeja-17-4.jpeg, https://klugsystem-public-storage.s3.us-east-1.amazonaws.com/sweethome/assets/images/try_tablas_bandejas/bandeja-17-5.jpeg"
bandejas-18,trays-bandejas,Bandeja Redonda Blanca,"Bandeja redonda de madera con acabado blanco, elegante y minimalista. Úsala para servir o como pieza decorativa con un estilo limpio y luminoso.",40 cm de diámetro,300,TRUE,FALSE,,"bandeja, blanca, redonda, minimalista, madera","https://klugsystem-public-storage.s3.us-east-1.amazonaws.com/sweethome/assets/images/try_tablas_bandejas/bandeja-18.jpeg, https://klugsystem-public-storage.s3.us-east-1.amazonaws.com/sweethome/assets/images/try_tablas_bandejas/bandeja-18-1.jpeg, https://klugsystem-public-storage.s3.us-east-1.amazonaws.com/sweethome/assets/images/try_tablas_bandejas/bandeja-18-3.jpeg, https://klugsystem-public-storage.s3.us-east-1.amazonaws.com/sweethome/assets/images/try_tablas_bandejas/bandeja-18-4.jpeg, https://klugsystem-public-storage.s3.us-east-1.amazonaws.com/sweethome/assets/images/try_tablas_bandejas/bandeja-18-5.jpeg, https://klugsystem-public-storage.s3.us-east-1.amazonaws.com/sweethome/assets/images/try_tablas_bandejas/bandeja-18-6.jpeg, https://klugsystem-public-storage.s3.us-east-1.amazonaws.com/sweethome/assets/images/try_tablas_bandejas/bandeja-18-7.jpeg"
bandejas-19,utensilios-decoracion,Tenedores Acero Inoxidable Color Dorado,Tenedores de acero inoxidable con acabado color dorado. Resistentes y elegantes para la mesa diaria o reuniones especiales.,"Acero inoxidable, acabado dorado",200,TRUE,FALSE,,"tenedor, acero inoxidable, dorado, cubiertos, mesa, elegante","https://klugsystem-public-storage.s3.us-east-1.amazonaws.com/sweethome/assets/images/try_tablas_bandejas/bandeja-19.jpeg, https://klugsystem-public-storage.s3.us-east-1.amazonaws.com/sweethome/assets/images/try_tablas_bandejas/bandeja-19-1.jpeg, https://klugsystem-public-storage.s3.us-east-1.amazonaws.com/sweethome/assets/images/try_tablas_bandejas/bandeja-19-2.jpeg, https://klugsystem-public-storage.s3.us-east-1.amazonaws.com/sweethome/assets/images/try_tablas_bandejas/bandeja-19-3.jpeg, https://klugsystem-public-storage.s3.us-east-1.amazonaws.com/sweethome/assets/images/try_tablas_bandejas/bandeja-19-4.jpeg"
bandejas-23,trays-bandejas,Pedestal de Madera Rectangular,Pedestal elevado de madera rectangular para servir o exhibir. Eleva cualquier presentación con un toque elegante y moderno.,32 cm de largo,250,TRUE,FALSE,,"pedestal, madera, elevado, servir, exhibir","https://klugsystem-public-storage.s3.us-east-1.amazonaws.com/sweethome/assets/images/try_tablas_bandejas/bandeja-23.jpeg, https://klugsystem-public-storage.s3.us-east-1.amazonaws.com/sweethome/assets/images/try_tablas_bandejas/bandeja-23-1.jpeg, https://klugsystem-public-storage.s3.us-east-1.amazonaws.com/sweethome/assets/images/try_tablas_bandejas/bandeja-23-2.jpeg, https://klugsystem-public-storage.s3.us-east-1.amazonaws.com/sweethome/assets/images/try_tablas_bandejas/bandeja-23-3.jpeg, https://klugsystem-public-storage.s3.us-east-1.amazonaws.com/sweethome/assets/images/try_tablas_bandejas/bandeja-23-4.jpeg, https://klugsystem-public-storage.s3.us-east-1.amazonaws.com/sweethome/assets/images/try_tablas_bandejas/bandeja-23-5.jpeg, https://klugsystem-public-storage.s3.us-east-1.amazonaws.com/sweethome/assets/images/try_tablas_bandejas/bandeja-23-6.jpeg, https://klugsystem-public-storage.s3.us-east-1.amazonaws.com/sweethome/assets/images/try_tablas_bandejas/bandeja-23-7.jpeg"
bandejas-24,trays-bandejas,Bandeja Redonda Grabada Rústica Giratoria,"Bandeja redonda de madera con grabados decorativos y base giratoria. Estilo rústico y artesanal; ideal para servir quesos, aperitivos o como centro de mesa.",25 cm de diámetro,180,TRUE,FALSE,,"bandeja, madera, grabada, rústico, giratoria, redonda, servir","https://klugsystem-public-storage.s3.us-east-1.amazonaws.com/sweethome/assets/images/try_tablas_bandejas/bandeja-24.jpeg, https://klugsystem-public-storage.s3.us-east-1.amazonaws.com/sweethome/assets/images/try_tablas_bandejas/bandeja-24-1.jpeg, https://klugsystem-public-storage.s3.us-east-1.amazonaws.com/sweethome/assets/images/try_tablas_bandejas/bandeja-24-2.jpeg"
bandejas-25,trays-bandejas,Try 2 Niveles Redondo Blanco Vintage,Try de dos niveles en madera blanca vintage con manija negra y base redonda. Perfecto para almacenar o exhibir artículos con estilo shabby chic.,40 cm de altura,325,TRUE,FALSE,,"try, 2 niveles, blanco, vintage, redondo, manija, shabby chic","https://klugsystem-public-storage.s3.us-east-1.amazonaws.com/sweethome/assets/images/try_tablas_bandejas/bandeja-25.jpeg, https://klugsystem-public-storage.s3.us-east-1.amazonaws.com/sweethome/assets/images/try_tablas_bandejas/bandeja-25-1.jpeg, https://klugsystem-public-storage.s3.us-east-1.amazonaws.com/sweethome/assets/images/try_tablas_bandejas/bandeja-25-2.jpeg, https://klugsystem-public-storage.s3.us-east-1.amazonaws.com/sweethome/assets/images/try_tablas_bandejas/bandeja-25-3.jpeg, https://klugsystem-public-storage.s3.us-east-1.amazonaws.com/sweethome/assets/images/try_tablas_bandejas/bandeja-25-4.jpeg, https://klugsystem-public-storage.s3.us-east-1.amazonaws.com/sweethome/assets/images/try_tablas_bandejas/bandeja-25-5.jpeg"
bandejas-26,trays-bandejas,Bandeja Estilo Vintage Rectangular,"Bandeja rectangular con aire vintage, ideal para servir, organizar o como pieza decorativa en mesa o aparador.",40 cm de largo x 30 cm de ancho,250,TRUE,FALSE,,"bandeja, rectangular, vintage, servir, decoración, mesa","https://klugsystem-public-storage.s3.us-east-1.amazonaws.com/sweethome/assets/images/try_tablas_bandejas/bandeja-26.jpeg, https://klugsystem-public-storage.s3.us-east-1.amazonaws.com/sweethome/assets/images/try_tablas_bandejas/bandeja-26-1.jpeg, https://klugsystem-public-storage.s3.us-east-1.amazonaws.com/sweethome/assets/images/try_tablas_bandejas/bandeja-26-3.jpeg, https://klugsystem-public-storage.s3.us-east-1.amazonaws.com/sweethome/assets/images/try_tablas_bandejas/bandeja-26-4.jpeg, https://klugsystem-public-storage.s3.us-east-1.amazonaws.com/sweethome/assets/images/try_tablas_bandejas/bandeja-26-5.jpeg, https://klugsystem-public-storage.s3.us-east-1.amazonaws.com/sweethome/assets/images/try_tablas_bandejas/bandeja-26-6.jpeg"
bandejas-27,trays-bandejas,Bandeja Giratoria Dorada con Base Madera,"Bandeja giratoria de metal dorado con base de madera, moderna y elegante. Úsala para servir o almacenar artículos con un acento glamoroso.",20 cm de circunferencia,200,TRUE,FALSE,,"bandeja, giratoria, dorada, madera, servir, glam","https://klugsystem-public-storage.s3.us-east-1.amazonaws.com/sweethome/assets/images/try_tablas_bandejas/bandeja-27.jpeg, https://klugsystem-public-storage.s3.us-east-1.amazonaws.com/sweethome/assets/images/try_tablas_bandejas/bandeja-27-1.jpeg, https://klugsystem-public-storage.s3.us-east-1.amazonaws.com/sweethome/assets/images/try_tablas_bandejas/bandeja-27-2.jpeg, https://klugsystem-public-storage.s3.us-east-1.amazonaws.com/sweethome/assets/images/try_tablas_bandejas/bandeja-27-3.jpeg"
bandejas-28,trays-bandejas,Bandeja Ovalada Madera Natural,"Bandeja ovalada de madera natural con acabado cálido. Elegante y versátil, perfecta para servir con un estilo clásico y orgánico.",35 cm de largo,250,TRUE,FALSE,,"bandeja, ovalada, madera, natural, servir","https://klugsystem-public-storage.s3.us-east-1.amazonaws.com/sweethome/assets/images/try_tablas_bandejas/bandeja-28.jpeg, https://klugsystem-public-storage.s3.us-east-1.amazonaws.com/sweethome/assets/images/try_tablas_bandejas/bandeja-28-1.jpeg, https://klugsystem-public-storage.s3.us-east-1.amazonaws.com/sweethome/assets/images/try_tablas_bandejas/bandeja-28-2.jpeg"
bandejas-29,trays-bandejas,Bandeja Redonda Madera con Borde Tallado,"Bandeja redonda de madera con borde tallado en relieve. Estilo rústico artesanal, perfecta para servir o como pieza central decorativa.",32 cm de diámetro,225,TRUE,FALSE,,"bandeja, redonda, madera, tallada, rústico, artesanal","https://klugsystem-public-storage.s3.us-east-1.amazonaws.com/sweethome/assets/images/try_tablas_bandejas/bandeja-29.jpeg, https://klugsystem-public-storage.s3.us-east-1.amazonaws.com/sweethome/assets/images/try_tablas_bandejas/bandeja-29-1.jpeg, https://klugsystem-public-storage.s3.us-east-1.amazonaws.com/sweethome/assets/images/try_tablas_bandejas/bandeja-29-2.jpeg"
bandejas-30,trays-bandejas,Bandeja Giratoria Color Durazno,"Bandeja giratoria redonda en color durazno cálido. Moderna y acogedora, perfecta para servir o exhibir plantas y piezas decorativas.",30 cm de diámetro,200,TRUE,FALSE,,"bandeja, giratoria, durazno, redonda, cálido","https://klugsystem-public-storage.s3.us-east-1.amazonaws.com/sweethome/assets/images/try_tablas_bandejas/bandeja-30.jpeg, https://klugsystem-public-storage.s3.us-east-1.amazonaws.com/sweethome/assets/images/try_tablas_bandejas/bandeja-30-1.jpeg, https://klugsystem-public-storage.s3.us-east-1.amazonaws.com/sweethome/assets/images/try_tablas_bandejas/bandeja-30-2.jpeg"
bandejas-hoja,trays-bandejas,Bandeja Decorativa Hoja Amarilla,"Bandeja decorativa de MDF en forma de hoja color amarillo, ideal para almacenar pequeños artículos con un toque de color y elegancia natural.",49 cm de largo x 18 cm de ancho,160,TRUE,FALSE,,"bandeja, hoja, amarillo, MDF, decorativa, natural","https://klugsystem-public-storage.s3.us-east-1.amazonaws.com/sweethome/assets/images/try_tablas_bandejas/bandeja-de-hoja-1.jpeg, https://klugsystem-public-storage.s3.us-east-1.amazonaws.com/sweethome/assets/images/try_tablas_bandejas/bandeja-de-hoja-1-1.jpeg, https://klugsystem-public-storage.s3.us-east-1.amazonaws.com/sweethome/assets/images/try_tablas_bandejas/bandeja-de-hoja-1-2.jpeg"
bandejas-ovalada,trays-bandejas,Set de Bandejas Ovaladas Texturizadas,Set de 2 bandejas ovaladas decorativas con textura estriada en acabado dorado-negro. Ideales para almacenar pequeños artículos con un aire elegante y moderno.,"Grande 40 cm, Pequeña 29 cm de largo",200,TRUE,FALSE,,"bandeja, ovalada, set, dorada, texturizada, MDF","https://klugsystem-public-storage.s3.us-east-1.amazonaws.com/sweethome/assets/images/try_tablas_bandejas/bandeja-ovalada-2.jpeg, https://klugsystem-public-storage.s3.us-east-1.amazonaws.com/sweethome/assets/images/try_tablas_bandejas/bandeja-ovalada-2-1.jpeg, https://klugsystem-public-storage.s3.us-east-1.amazonaws.com/sweethome/assets/images/try_tablas_bandejas/bandeja-ovalada-2-3.jpeg, https://klugsystem-public-storage.s3.us-east-1.amazonaws.com/sweethome/assets/images/try_tablas_bandejas/bandeja-ovalada-2-4.jpeg"
bandejas-giratoria-divisor,trays-bandejas,Bandeja Giratoria con Divisor de Madera,Bandeja giratoria circular con divisor de madera: dos usos en uno — ideal para pastel o para servir botanas y snacks compartidos en la mesa.,33 cm de diámetro,160,TRUE,FALSE,,"bandeja, giratoria, divisor, madera, pastel, botanas, servir","https://klugsystem-public-storage.s3.us-east-1.amazonaws.com/sweethome/assets/images/try_tablas_bandejas/bandeja-giratoria-con-divisor-21.jpeg, https://klugsystem-public-storage.s3.us-east-1.amazonaws.com/sweethome/assets/images/try_tablas_bandejas/bandeja-giratoria-con-divisor-21-1.jpeg, https://klugsystem-public-storage.s3.us-east-1.amazonaws.com/sweethome/assets/images/try_tablas_bandejas/bandeja-giratoria-con-divisor-21-2.jpeg, https://klugsystem-public-storage.s3.us-east-1.amazonaws.com/sweethome/assets/images/try_tablas_bandejas/bandeja-giratoria-con-divisor-21-3.jpeg, https://klugsystem-public-storage.s3.us-east-1.amazonaws.com/sweethome/assets/images/try_tablas_bandejas/bandeja-giratoria-con-divisor-21-4.jpeg"
tablas-madera-20,trays-bandejas,Set de 3 Tablas de Madera Rectangulares,"Set de 3 tablas de madera rectangulares con grabados de marca. Perfectas para servir, picar o usar como tabla decorativa en la cocina.",,275,TRUE,FALSE,,"tabla, madera, rectangular, set, grabada, cocina","https://klugsystem-public-storage.s3.us-east-1.amazonaws.com/sweethome/assets/images/try_tablas_bandejas/tablas-de-madera-20.jpeg, https://klugsystem-public-storage.s3.us-east-1.amazonaws.com/sweethome/assets/images/try_tablas_bandejas/tablas-de-madera-20-1.jpeg, https://klugsystem-public-storage.s3.us-east-1.amazonaws.com/sweethome/assets/images/try_tablas_bandejas/tablas-de-madera-20-2.jpeg, https://klugsystem-public-storage.s3.us-east-1.amazonaws.com/sweethome/assets/images/try_tablas_bandejas/tablas-de-madera-20-3.jpeg, https://klugsystem-public-storage.s3.us-east-1.amazonaws.com/sweethome/assets/images/try_tablas_bandejas/tablas-de-madera-20-4.jpeg"
baja-platos-01,baja-platos,Set de 6 Baja Platos Dorados,Set de 6 baja platos decorativos para mesa en color dorado. Aportan elegancia instantánea a tu mesa y transforman cualquier comida en una ocasión especial.,32 cm,200,TRUE,FALSE,,"baja platos, dorado, set, mesa, elegante",https://klugsystem-public-storage.s3.us-east-1.amazonaws.com/sweethome/assets/images/baja-platos/baja-platos-01.jpeg
baja-platos-02,baja-platos,Set de 6 Baja Platos Dorados de Puntos,Set de 6 baja platos decorativos para mesa dorados con diseño de puntos. Aportan elegancia instantánea con un toque de textura moderna.,33 cm,200,TRUE,FALSE,,"baja platos, dorado, puntos, set, textura",https://klugsystem-public-storage.s3.us-east-1.amazonaws.com/sweethome/assets/images/baja-platos/baja-platos-02.jpeg
baja-platos-03,baja-platos,Set de 6 Baja Platos Dorados Tejidos,Set de 6 baja platos decorativos para mesa dorados con diseño tejido. Elegancia artesanal que se convierte en el detalle que todos notan.,33 cm,200,TRUE,FALSE,,"baja platos, dorado, tejido, set, artesanal",https://klugsystem-public-storage.s3.us-east-1.amazonaws.com/sweethome/assets/images/baja-platos/baja-platos-03.jpeg
baja-platos-04,baja-platos,Set de 6 Baja Platos Dorados Clásicos,Set de 6 baja platos decorativos estilo clásico en color dorado. Aporta elegancia instantánea con un diseño atemporal.,35 cm,200,TRUE,FALSE,,"baja platos, dorado, clásico, set, elegante",https://klugsystem-public-storage.s3.us-east-1.amazonaws.com/sweethome/assets/images/baja-platos/baja-platos-04.jpeg
baja-platos-05,baja-platos,Set de 6 Baja Platos Blancos con Puntos,Set de 6 baja platos decorativos blancos con puntos. Aportan frescura y elegancia instantánea a tu mesa con un estilo limpio y moderno.,33 cm,200,TRUE,FALSE,,"baja platos, blanco, puntos, set, moderno",https://klugsystem-public-storage.s3.us-east-1.amazonaws.com/sweethome/assets/images/baja-platos/baja-platos-05.jpeg
baja-platos-06,baja-platos,Set de 6 Baja Platos Grises,Set de 6 baja platos decorativos para mesa color gris. Aportan elegancia instantánea con un toque sobrio y contemporáneo.,32 cm,200,TRUE,FALSE,,"baja platos, gris, set, sobrio, contemporáneo",https://klugsystem-public-storage.s3.us-east-1.amazonaws.com/sweethome/assets/images/baja-platos/baja-platos-06.jpeg
baja-platos-07,baja-platos,Set de 5 Baja Platos de Paja de Maíz,"Set de 5 baja platos decorativos de paja de maíz tejida. Aportan un estilo natural y cálido, perfecto para mesas con alma boho o farmhouse.",38 cm,250,TRUE,FALSE,,"baja platos, paja de maíz, natural, boho, farmhouse, set",https://klugsystem-public-storage.s3.us-east-1.amazonaws.com/sweethome/assets/images/baja-platos/baja-platos-07.jpeg
baja-platos-08,baja-platos,Set de 6 Baja Platos de Mimbre,"Set de 6 baja platos decorativos de mimbre. Aportan elegancia rústica y natural a tu mesa, perfectos para almuerzos al aire libre.",32 cm,200,TRUE,FALSE,,"baja platos, mimbre, rústico, natural, set",https://klugsystem-public-storage.s3.us-east-1.amazonaws.com/sweethome/assets/images/baja-platos/baja-platos-08.jpeg
candeleros-01,candeleros,Set de Candeleros Hierro Forjado Negro,"Set de candeleros de hierro forjado color negro con diseño único, moderno y elegante. Perfectos para crear ambientes cálidos y dramáticos.","Grande 32 cm, Mediano 29 cm, Pequeño 23 cm, diámetro de velas 3 cm",300,TRUE,FALSE,,"candelero, hierro forjado, negro, set, moderno",https://klugsystem-public-storage.s3.us-east-1.amazonaws.com/sweethome/assets/images/candeleros/candeleros-01.jpeg
candeleros-02,candeleros,Set de Candeleros Metal Bronce,"Set de candeleros de metal color bronce con diseño único, moderno y elegante. Añade un toque cálido y acogedor a cualquier espacio.","Grande 24 cm, Mediano 19 cm, Pequeño 13 cm, diámetro de velas 2 cm",200,TRUE,FALSE,,"candelero, metal, bronce, set, cálido",https://klugsystem-public-storage.s3.us-east-1.amazonaws.com/sweethome/assets/images/candeleros/candeleros-02.jpeg
candeleros-03,candeleros,Set de Candeleros Metal Blanco,"Set de candeleros de metal color blanco con diseño único, moderno y elegante. Crean ambientes luminosos y sofisticados.","Grande 25 cm, Mediano 20 cm, Pequeño 15 cm",325,TRUE,FALSE,,"candelero, metal, blanco, set, sofisticado",https://klugsystem-public-storage.s3.us-east-1.amazonaws.com/sweethome/assets/images/candeleros/candeleros-03.jpeg
candeleros-04,candeleros,Set de Candeleros Metal Gris,"Set de candeleros de metal color gris con diseño único, moderno y elegante. Un acento sobrio para tu decoración.","Grande 23 cm, Mediano 16 cm",225,TRUE,FALSE,,"candelero, metal, gris, set, sobrio",https://klugsystem-public-storage.s3.us-east-1.amazonaws.com/sweethome/assets/images/candeleros/candeleros-04.jpeg
candeleros-05,candeleros,Set de Candeleros Metal Dorado,"Set de candeleros de metal color dorado con diseño único, moderno y elegante. Brillo y calidez para cenas especiales.","Grande 31 cm, Mediano 29 cm, Pequeño 22 cm, diámetro de velas 3 cm",250,TRUE,FALSE,,"candelero, metal, dorado, set, glam",https://klugsystem-public-storage.s3.us-east-1.amazonaws.com/sweethome/assets/images/candeleros/candeleros-05.jpeg
candeleros-06,candeleros,Set de Candeleros Metal Negro,"Set de candeleros de metal color negro con diseño único, moderno y elegante. Dramáticos y sofisticados.","Grande 31 cm, Mediano 29 cm, Pequeño 22 cm, diámetro de velas 3 cm",250,TRUE,FALSE,,"candelero, metal, negro, set, dramático",https://klugsystem-public-storage.s3.us-east-1.amazonaws.com/sweethome/assets/images/candeleros/candeleros-06.jpeg
candeleros-07,candeleros,Set de Candeleros Metal Negro Compacto,"Set de candeleros de metal color negro en diseño compacto, moderno y elegante. Ideal para espacios pequeños o mesas íntimas.","Grande 30 cm, Mediano 24 cm, Pequeño 18 cm, diámetro de velas 2 cm",150,TRUE,FALSE,,"candelero, metal, negro, compacto, set",https://klugsystem-public-storage.s3.us-east-1.amazonaws.com/sweethome/assets/images/candeleros/candeleros-07.jpeg
candeleros-08,candeleros,Candelero Metal Dorado Individual,"Candelero de metal color dorado con diseño único, moderno y elegante. Pieza individual para un acento minimalista.","23 cm de alto, diámetro de velas 3 cm",150,TRUE,FALSE,,"candelero, metal, dorado, individual, minimalista",https://klugsystem-public-storage.s3.us-east-1.amazonaws.com/sweethome/assets/images/candeleros/candeleros-08.jpeg
candeleros-09,candeleros,Set de 3 Candeleros Metal Negro,"Set de 3 candeleros de metal color negro con diseño único, moderno y elegante. Un trío perfecto para mesas largas.","Grande 26 cm, Mediano 23 cm, Pequeño 18 cm, diámetro de velas 3 cm",150,TRUE,FALSE,,"candelero, metal, negro, set de 3, moderno",https://klugsystem-public-storage.s3.us-east-1.amazonaws.com/sweethome/assets/images/candeleros/candeleros-09.jpeg
candeleros-10,candeleros,Candeleros Dorados Set de 6,"Candeleros de metal color dorado en set de 6 piezas en diferentes alturas, con diseño único, moderno y elegante. Perfecto para mesas de eventos.","2 de 24 cm, 2 de 19 cm, 2 de 16 cm",325,TRUE,FALSE,,"candelero, metal, dorado, set 6, eventos",https://klugsystem-public-storage.s3.us-east-1.amazonaws.com/sweethome/assets/images/candeleros/candeleros-10.jpeg
candeleros-11,candeleros,Set de 6 Candeleros Dorados,"Candeleros de metal color dorado, diseño único, moderno y elegante. Incluye seis piezas: dos de 24 cm de alto, dos de 19 cm y dos de 16 cm.","2 de 24 cm de alto, 2 de 19 cm de alto, 2 de 16 cm de alto; diámetro de agujero para velas 3 cm",140,TRUE,FALSE,,"candelero, metal, dorado, set de 6, elegante",https://klugsystem-public-storage.s3.us-east-1.amazonaws.com/sweethome/assets/images/candeleros/candeleros-11.jpeg
otono-01,temporada-otono,Calabaza Decorativa Naranja de Cerámica,"Calabaza decorativa naranja de cerámica, un toque de sofisticación para tu hogar en la temporada otoñal.",20 x 20 cm,200,TRUE,FALSE,,"calabaza, otoño, naranja, cerámica, temporada, Halloween",https://klugsystem-public-storage.s3.us-east-1.amazonaws.com/sweethome/assets/images/temporada-otono/temporada-otono-01.jpeg
otono-02,temporada-otono,Set de 18 Calabazas Otoño Completo,"Set de 18 calabazas decorativas que incluye accesorios como piñas, hojas de otoño, cerezos de temporada y bellotas. Decoración completa para ambientar tu hogar en otoño.",,250,TRUE,FALSE,,"calabazas, otoño, set, piñas, hojas, bellotas, completo",https://klugsystem-public-storage.s3.us-east-1.amazonaws.com/sweethome/assets/images/temporada-otono/temporada-otono-02.jpeg
otono-03,temporada-otono,Calabaza Blanca con Hojas de Cerámica,Calabaza decorativa blanca con hojas de cerámica. Un toque de sofisticación y elegancia para tu hogar en la temporada de otoño.,17 x 17 cm,175,TRUE,FALSE,,"calabaza, blanca, cerámica, hojas, otoño",https://klugsystem-public-storage.s3.us-east-1.amazonaws.com/sweethome/assets/images/temporada-otono/temporada-otono-03.jpeg
otono-04,temporada-otono,Set de 12 Calabazas Naranjas Foami,Set de 12 calabazas decorativas naranjas de foami. Un toque vibrante y acogedor para tu hogar durante la temporada otoñal.,"Varios tamaños: 20 cm, 15 cm, 2 de 7 cm, 7 cm, 5 cm, 2 de 4 cm",220,TRUE,FALSE,,"calabazas, naranjas, foami, set, otoño",https://klugsystem-public-storage.s3.us-east-1.amazonaws.com/sweethome/assets/images/temporada-otono/temporada-otono-04.jpeg
otono-05,temporada-otono,Set de 6 Calabazas Blancas Cerámica,Set de calabazas decorativas blancas con hojas de cerámica. Una decoración elegante y serena para la temporada otoñal.,"2 de 15 cm, 2 de 12 cm, 2 de 7 cm",300,TRUE,FALSE,,"calabazas, blancas, cerámica, set, otoño",https://klugsystem-public-storage.s3.us-east-1.amazonaws.com/sweethome/assets/images/temporada-otono/temporada-otono-05.jpeg
otono-06,temporada-otono,Corona de Otoño Decorativa,"Corona de otoño decorativa, ideal para colgar en puerta principal o como pieza de acento en pared. Bienvenida otoñal para tus visitas.",50 cm de diámetro,250,TRUE,FALSE,,"corona, otoño, puerta, wreath, decoración",https://klugsystem-public-storage.s3.us-east-1.amazonaws.com/sweethome/assets/images/temporada-otono/temporada-otono-06.jpeg
otono-07,temporada-otono,Calabaza Blanca con Tapadera,"Calabaza decorativa blanca con tapadera de cerámica. Funcional y decorativa al mismo tiempo, puedes usarla para guardar pequeños tesoros.",10 cm de alto x 14 cm de diámetro,150,TRUE,FALSE,,"calabaza, blanca, tapadera, cerámica, funcional, otoño",https://klugsystem-public-storage.s3.us-east-1.amazonaws.com/sweethome/assets/images/temporada-otono/temporada-otono-07.jpeg
utensilios-01,utensilios-decoracion,Organizador Giratorio de Madera para Utensilios,"Icónico organizador de madera giratorio para utensilios, sofisticado y versátil. Mantén todos tus utensilios de cocina al alcance con estilo.",17 cm de altura x 15 cm de diámetro,200,TRUE,FALSE,,"organizador, madera, giratorio, utensilios, cocina",https://klugsystem-public-storage.s3.us-east-1.amazonaws.com/sweethome/assets/images/utensilios-decoracion/utensilios-decoracion-01.jpeg
utensilios-02,utensilios-decoracion,Tijeras Multiusos KitchenAid,"Tijeras multiusos KitchenAid con funda protectora, de acero inoxidable resistente. Una herramienta esencial para cualquier cocina moderna.",,100,TRUE,FALSE,,"tijeras, KitchenAid, multiusos, acero inoxidable, cocina",https://klugsystem-public-storage.s3.us-east-1.amazonaws.com/sweethome/assets/images/utensilios-decoracion/utensilios-decoracion-02.jpeg
utensilios-03,utensilios-decoracion,Espátulas de Silicona Bake House,Espátulas de silicona BAKE HOUSE y SHOP perfectas para mezclar con diseño sofisticado. Resistentes a altas temperaturas y seguras para tus sartenes antiadherentes.,25 cm,75,TRUE,FALSE,,"espátula, silicona, Bake House, repostería, cocina",https://klugsystem-public-storage.s3.us-east-1.amazonaws.com/sweethome/assets/images/utensilios-decoracion/utensilios-decoracion-03.jpeg
utensilios-04,utensilios-decoracion,Soporte Utensilios con Base de Corcho,Soporte para utensilios de cocina o florero de plantas artificiales con base de corcho para proteger tu mesa. Práctico y decorativo.,17 cm de alto x 14 cm de diámetro,175,TRUE,FALSE,,"soporte, utensilios, corcho, cocina",https://klugsystem-public-storage.s3.us-east-1.amazonaws.com/sweethome/assets/images/utensilios-decoracion/utensilios-decoracion-04.jpeg
utensilios-05,utensilios-decoracion,Set de Saleros Cerámica Elegante,"Set de saleros, recipientes de cerámica con diseño único y elegante. Un detalle que eleva cualquier mesa.",8 cm de alto,125,TRUE,FALSE,,"salero, cerámica, set, mesa, elegante",https://klugsystem-public-storage.s3.us-east-1.amazonaws.com/sweethome/assets/images/utensilios-decoracion/utensilios-decoracion-05.jpeg
utensilios-06,utensilios-decoracion,Set de Contenedores Cerámica con Bambú,Set de contenedores de almacenamiento de cerámica color negro brilloso y mate con cubierta de bambú. Organización estética para tu cocina.,"Grande 19 cm alto x 13 cm diámetro, Mediano 15 cm alto x 10 cm diámetro",225,TRUE,FALSE,,"contenedor, cerámica, bambú, almacenamiento, cocina",https://klugsystem-public-storage.s3.us-east-1.amazonaws.com/sweethome/assets/images/utensilios-decoracion/utensilios-decoracion-06.jpeg
utensilios-07,utensilios-decoracion,Organizador de Cerámica para Utensilios,"Organizador de cerámica para utensilios, sofisticado, versátil y de diseño único. El complemento perfecto para una cocina con estilo.",19 cm de altura x 16 cm de diámetro,200,TRUE,FALSE,,"organizador, cerámica, utensilios, cocina",https://klugsystem-public-storage.s3.us-east-1.amazonaws.com/sweethome/assets/images/utensilios-decoracion/utensilios-decoracion-07.jpeg
utensilios-08,utensilios-decoracion,Estatua de Chef Decorativa,Estatua de Chef para darle una decoración única y divertida a tu cocina. Un guiño con personalidad.,13 cm de alto,125,TRUE,FALSE,,"estatua, chef, decoración, cocina, divertido",https://klugsystem-public-storage.s3.us-east-1.amazonaws.com/sweethome/assets/images/utensilios-decoracion/utensilios-decoracion-08.jpeg
utensilios-09,utensilios-decoracion,Set de Dispensadores Automáticos de Huevos,"Set de 2 dispensadores automáticos de huevos para refrigeradora, de plástico, versátiles y de fácil acceso. Mantén tus huevos organizados siempre.",35 cm de largo x 8 cm de ancho,165,TRUE,FALSE,,"dispensador, huevos, refrigeradora, organizador, cocina",https://klugsystem-public-storage.s3.us-east-1.amazonaws.com/sweethome/assets/images/utensilios-decoracion/utensilios-decoracion-09.jpeg
utensilios-10,utensilios-decoracion,Set de 4 Bandejas Organizadoras Transparentes,Set de 4 bandejas transparentes de plástico para organizar todos tus alimentos. Visibilidad total para una despensa en orden.,38 cm de largo x 20 cm de ancho,200,TRUE,FALSE,,"bandeja, organizador, transparente, plástico, despensa",https://klugsystem-public-storage.s3.us-east-1.amazonaws.com/sweethome/assets/images/utensilios-decoracion/utensilios-decoracion-10.jpeg
utensilios-11,utensilios-decoracion,Prensa de Ajo de Acero Inoxidable,Prensa de ajo de metal resistente en acero inoxidable para larga durabilidad. Eficiente para ajo instantáneo sin esfuerzo.,15 cm de largo,90,TRUE,FALSE,,"prensa, ajo, acero inoxidable, cocina",https://klugsystem-public-storage.s3.us-east-1.amazonaws.com/sweethome/assets/images/utensilios-decoracion/utensilios-decoracion-11.jpeg
utensilios-12,utensilios-decoracion,Estante de Madera para 8 Botellas de Vino,"Estante de madera para 8 botellas de vino, aspecto simple, clásico y elegante. Una encimera de vinos que puedes exhibir con orgullo.",40 cm de largo,285,TRUE,FALSE,,"estante, vino, madera, botellas, encimera",https://klugsystem-public-storage.s3.us-east-1.amazonaws.com/sweethome/assets/images/utensilios-decoracion/utensilios-decoracion-12.jpeg
utensilios-13,utensilios-decoracion,Letrero de Madera Cocina Rústico,"Letrero para decoración de madera de cocina para diario, estilo rústico y ligero. Añade un mensaje cálido a tu cocina.",20 x 20 cm,90,TRUE,FALSE,,"letrero, madera, cocina, rústico, decoración",https://klugsystem-public-storage.s3.us-east-1.amazonaws.com/sweethome/assets/images/utensilios-decoracion/utensilios-decoracion-13.jpeg
utensilios-14,utensilios-decoracion,Esfera Decorativa Metal Dorada,"Esfera decorativa de metal dorada con diseño minimalista, adecuada para sala de estar, estudio, dormitorio o mesa de centro. Statement moderno.",18 cm de circunferencia,200,TRUE,FALSE,,"esfera, metal, dorada, minimalista, decoración",https://klugsystem-public-storage.s3.us-east-1.amazonaws.com/sweethome/assets/images/utensilios-decoracion/utensilios-decoracion-14.jpeg
utensilios-15,utensilios-decoracion,Set de 2 Aceiteros Blancos,"Set de dos aceiteros color blanco para aceite, vinagre u otros líquidos en la cocina o la mesa. Líneas limpias y acabado elegante.",27 cm de alto y 23 cm de alto (una pieza de cada altura),100,TRUE,FALSE,,"aceitero, blanco, cocina, set, vinagre",https://klugsystem-public-storage.s3.us-east-1.amazonaws.com/sweethome/assets/images/utensilios-decoracion/utensilios-decoracion-15.jpeg
utensilios-16,utensilios-decoracion,Set de Figuras de Madera para Decorar Try,"Set de figuras decorativas en madera para vestir tus tries, bandejas o rincones de la mesa. Piezas surtidas que suman calidez y un toque artesanal sin quitar protagonismo a lo que exhibes.",Varias piezas en madera; ideales para componer sobre tries o bandejas,100,TRUE,FALSE,,"madera, figuras, decoración, try, mesa, set",https://klugsystem-public-storage.s3.us-east-1.amazonaws.com/sweethome/assets/images/utensilios-decoracion/utensilios-decoracion-16.jpeg
utensilios-17,utensilios-decoracion,Set de 3 Toallas de Cocina Aqua,"Set de 3 toallas de tela color aqua de cocina, con suavidad y absorbencia que harán que limpiar sea un placer.",73 cm de largo x 43 cm de ancho,90,TRUE,FALSE,,"toallas, cocina, aqua, tela, set",https://klugsystem-public-storage.s3.us-east-1.amazonaws.com/sweethome/assets/images/utensilios-decoracion/utensilios-decoracion-17.jpeg
utensilios-18,utensilios-decoracion,Set de 3 Toallas de Cocina Azules,Set de 3 toallas de tela azules con distintos estilos de cocina. Suavidad y absorbencia para un hogar impecable.,73 cm de largo x 43 cm de ancho,90,TRUE,FALSE,,"toallas, cocina, azul, tela, set",https://klugsystem-public-storage.s3.us-east-1.amazonaws.com/sweethome/assets/images/utensilios-decoracion/utensilios-decoracion-18.jpeg
utensilios-19,utensilios-decoracion,Set de 2 Lámparas Chimenea de Plástico,"Set de 2 lámparas de plástico simulando chimeneas, ideal para interiores o exteriores. Crean ambientes cálidos sin fuego real.",40 cm de alto,180,TRUE,FALSE,,"lámpara, chimenea, led, set, cálido",https://klugsystem-public-storage.s3.us-east-1.amazonaws.com/sweethome/assets/images/utensilios-decoracion/utensilios-decoracion-19.jpeg
utensilios-20,utensilios-decoracion,Set Piezas de Pared Rústicas,Set de piezas de pared estilo rústico de madera que brindan un arte creativo. Personalidad y calidez para cualquier habitación.,39 cm de alto x 25 cm de ancho,150,TRUE,FALSE,,"pared, madera, rústico, arte, set",https://klugsystem-public-storage.s3.us-east-1.amazonaws.com/sweethome/assets/images/utensilios-decoracion/utensilios-decoracion-20.jpeg
utensilios-21,utensilios-decoracion,Soporte de Cucharas Cerámica,"Soporte de cucharas de cerámica para estufa, esencial para tu cocina. Disponible en negro y gris.",20 cm de largo x 9.5 cm de ancho,90,TRUE,FALSE,,"soporte, cuchara, cerámica, estufa, cocina",https://klugsystem-public-storage.s3.us-east-1.amazonaws.com/sweethome/assets/images/utensilios-decoracion/utensilios-decoracion-21.jpeg
utensilios-22,utensilios-decoracion,Bandeja Decorativa MDF Hoja,"Bandeja decorativa de MDF con forma de hoja, ideal para almacenar pequeños artículos con elegancia.",49 cm de largo x 18 cm de ancho,160,TRUE,FALSE,,"bandeja, hoja, MDF, decorativa",https://klugsystem-public-storage.s3.us-east-1.amazonaws.com/sweethome/assets/images/utensilios-decoracion/utensilios-decoracion-22.jpeg
utensilios-23,utensilios-decoracion,Set de Bandejas MDF Ovaladas,"Set de bandeja decorativa de MDF ovaladas, ideal para almacenar pequeños artículos con un toque elegante.","Grande 40 cm x 21 cm, Pequeña 29 cm x 16 cm",200,TRUE,FALSE,,"bandeja, ovalada, MDF, set",https://klugsystem-public-storage.s3.us-east-1.amazonaws.com/sweethome/assets/images/utensilios-decoracion/utensilios-decoracion-23.jpeg
utensilios-24,utensilios-decoracion,Tazón de Vidrio con Tapa de Bambú,Tazón de vidrio grande con tapa de bambú para almacenar comida y mantenerla fresca. Hermético y estético.,25 cm de diámetro y 12 cm de profundidad,275,TRUE,FALSE,,"tazón, vidrio, bambú, almacenar, hermético",https://klugsystem-public-storage.s3.us-east-1.amazonaws.com/sweethome/assets/images/utensilios-decoracion/utensilios-decoracion-24.jpeg
utensilios-25,utensilios-decoracion,Set de Contenedores Vidrio con Tapa Metal,Set de contenedores de almacenamiento de vidrio con tapadera de metal. Organización cristalina con estilo industrial chic.,"Grande 16 cm, Medianos 12 cm",200,TRUE,FALSE,,"contenedor, vidrio, metal, almacenamiento, set",https://klugsystem-public-storage.s3.us-east-1.amazonaws.com/sweethome/assets/images/utensilios-decoracion/utensilios-decoracion-25.jpeg
utensilios-26,utensilios-decoracion,Comedero Aves Cabina Telefónica,"Comedero para aves colgante al aire libre, de metal decorativo con forma de cabina telefónica. Funcional y encantador para tu jardín.",19 cm de largo x 9 cm de ancho,175,TRUE,FALSE,,"comedero, aves, jardín, cabina telefónica, metal",https://klugsystem-public-storage.s3.us-east-1.amazonaws.com/sweethome/assets/images/utensilios-decoracion/utensilios-decoracion-26.jpeg
utensilios-27,utensilios-decoracion,Canastos de Cuerda de Algodón,"Canastos de cuerda de algodón, textura natural y aspecto artesanal. Ideales para organizar o decorar salón, baño o dormitorio.",40 cm de diámetro x 22 cm de fondo,150,TRUE,FALSE,,"canasto, cuerda, algodón, organización, decoración, natural",https://klugsystem-public-storage.s3.us-east-1.amazonaws.com/sweethome/assets/images/utensilios-decoracion/utensilios-decoracion-27.jpeg
utensilios-28,utensilios-decoracion,Set de 2 Linternas Solares Impermeables con Velas,"Linternas solares impermeables con velas, ideales para exteriores, jardín o terraza. Cargan con luz solar y crean un ambiente acogedor al anochecer.",Grande 40 cm de alto x 14 cm de ancho; pequeña 30 cm de alto x 10 cm de ancho,185,TRUE,FALSE,,"linterna, solar, impermeable, exterior, velas, set",https://klugsystem-public-storage.s3.us-east-1.amazonaws.com/sweethome/assets/images/utensilios-decoracion/utensilios-decoracion-28.jpeg
utensilios-29,utensilios-decoracion,Set de 6 Candelas LED,"Set de 6 candelas LED color beige que proporcionan un ambiente festivo. Operan con baterías, aspecto realista y elegante.","15 cm de largo, diámetro 7.2 cm",225,TRUE,FALSE,,"candela, LED, beige, set 6, festiva",https://klugsystem-public-storage.s3.us-east-1.amazonaws.com/sweethome/assets/images/utensilios-decoracion/utensilios-decoracion-29.jpeg
utensilios-30,utensilios-decoracion,Set de 6 Candelas LED Color Beige,"Set de 6 candelas LED color beige que crean un ambiente festivo y acogedor. Funcionan con pilas, con aspecto realista y elegante.","15 cm de largo, diámetro 7.2 cm",350,TRUE,FALSE,,"candela, LED, beige, festivo, set, decoración",https://klugsystem-public-storage.s3.us-east-1.amazonaws.com/sweethome/assets/images/utensilios-decoracion/utensilios-decoracion-30.jpeg
utensilios-31,utensilios-decoracion,Cúpula de Cristal con Piñas y Naranjas,Cúpula de cristal con piñas y naranjas preservadas con base de madera. Pieza exhibición perfecta para temporada otoñal o navideña.,25 cm de alto x 17 cm de diámetro,250,TRUE,FALSE,,"cúpula, cristal, piñas, naranjas, preservadas, otoño",https://klugsystem-public-storage.s3.us-east-1.amazonaws.com/sweethome/assets/images/utensilios-decoracion/utensilios-decoracion-31.jpeg
utensilios-32,utensilios-decoracion,Cúpula de Vidrio con Frutos Secos,"Cúpula de vidrio con frutos secos, ideal como pieza decorativa. Lucen muy bien en mesa, sala o el rincón que prefieras.","Grande 31 cm diámetro, Mediana 25 cm diámetro, tapadera 14 cm",250,TRUE,FALSE,,"cúpula, vidrio, frutos secos, decoración, mesa, centro de mesa",https://klugsystem-public-storage.s3.us-east-1.amazonaws.com/sweethome/assets/images/utensilios-decoracion/utensilios-decoracion-32.jpeg
utensilios-33,utensilios-decoracion,Set de Dulceros de Vidrio,"Set de dulceros de vidrio para exhibir caramelos, chocolates o snacks con estilo. Ideales en mesa dulce, sala o cocina.",Dos piezas: 21 cm de alto x 14 cm de diámetro; 25 cm de alto x 14 cm de diámetro,250,TRUE,FALSE,,"dulcero, vidrio, set, mesa dulce, golosinas, decoración",https://klugsystem-public-storage.s3.us-east-1.amazonaws.com/sweethome/assets/images/utensilios-decoracion/utensilios-decoracion-33.jpeg
utensilios-34,utensilios-decoracion,Set de 2 Saleros a Pilas con 6 Funciones,"Set de dos saleros que funcionan con pilas, con 6 funcionalidades para sazonar de forma práctica y uniforme en la cocina o en la mesa.",20 cm de alto,350,TRUE,FALSE,,"salero, eléctrico, pilas, cocina, set, funciones",https://klugsystem-public-storage.s3.us-east-1.amazonaws.com/sweethome/assets/images/utensilios-decoracion/utensilios-decoracion-34.jpeg
utensilios-35,utensilios-decoracion,"Set de Saleros de Cerámica Sal, Azúcar y Pimienta","Juego de tres saleros de cerámica para sal, azúcar y pimienta. Prácticos y decorativos para la cocina o la mesa.",10 cm de alto (cada pieza),250,TRUE,FALSE,,"salero, cerámica, azúcar, pimienta, cocina, set",https://klugsystem-public-storage.s3.us-east-1.amazonaws.com/sweethome/assets/images/utensilios-decoracion/utensilios-decoracion-35.jpeg
utensilios-36,utensilios-decoracion,"Cúpula para Pastel, Cupcake o Pan","Cúpula de cristal para cubrir y lucir pasteles, cupcakes o pan en la mesa. En la imagen se muestran dos; el precio mostrado es por unidad.",21 cm de diámetro x 15 cm de alto. Precio por unidad.,150,TRUE,FALSE,,"cúpula, pastel, cupcake, pan, cristal, repostería",https://klugsystem-public-storage.s3.us-east-1.amazonaws.com/sweethome/assets/images/utensilios-decoracion/utensilios-decoracion-36.jpeg
esculturas-01,esculturas,Escultura Abstracta Hombres de Cerillas,"Escultura abstracta de hombres de cerillas minimalistas de resina moderna. En colores blanco y café, un dúo escultural para conversaciones.","Blanca 20 cm alto x 9 cm ancho, Café 20 cm alto x 12 cm ancho",325,TRUE,FALSE,,"escultura, abstracta, resina, minimalista, moderna",https://klugsystem-public-storage.s3.us-east-1.amazonaws.com/sweethome/assets/images/esculturas/esculturas-01.jpeg
esculturas-02,esculturas,Estatua del Silencio,Estatua del silencio en material de resina. Añade un toque de elegancia y creatividad a cualquier espacio con un mensaje reflexivo.,27 cm de altura,300,TRUE,FALSE,,"estatua, silencio, resina, decoración, elegante",https://klugsystem-public-storage.s3.us-east-1.amazonaws.com/sweethome/assets/images/esculturas/esculturas-02.jpeg
esculturas-03,esculturas,Estatua del Silencio Pareja,"Estatua del silencio de pareja en material de resina. Añade un toque de elegancia, romance y creatividad a cualquier espacio.",25 cm de altura y 14 cm de ancho,300,TRUE,FALSE,,"estatua, silencio, pareja, resina, romántica",https://klugsystem-public-storage.s3.us-east-1.amazonaws.com/sweethome/assets/images/esculturas/esculturas-03.jpeg
esculturas-04,esculturas,Escultura de Plata Abstracta,Escultura de estatua de plata con arte abstracto para decoración del hogar. Statement piece moderno y sofisticado.,28 cm de alto,300,TRUE,FALSE,,"escultura, plata, abstracta, arte, moderna",https://klugsystem-public-storage.s3.us-east-1.amazonaws.com/sweethome/assets/images/esculturas/esculturas-04.jpeg
esculturas-05,esculturas,Reloj de Arena Madera Negro,"Reloj de arena decorativo de madera color negro con duración de 30 minutos. Ideal para medir tiempos de estudio, té o meditación.",22 cm de alto x 9 cm de ancho,300,TRUE,FALSE,,"reloj de arena, madera, negro, 30 min, decoración",https://klugsystem-public-storage.s3.us-east-1.amazonaws.com/sweethome/assets/images/esculturas/esculturas-05.jpeg
esculturas-06,esculturas,Reloj de Arena Madera Blanco,Reloj de arena decorativo de madera color blanco con duración de 30 minutos. Un acento elegante y funcional.,22 cm de alto x 9 cm de ancho,300,TRUE,FALSE,,"reloj de arena, madera, blanco, 30 min, decoración",https://klugsystem-public-storage.s3.us-east-1.amazonaws.com/sweethome/assets/images/esculturas/esculturas-06.jpeg
esculturas-07,esculturas,Reloj de Arena Madera Rosado,"Reloj de arena decorativo de madera color rosado con duración de 30 minutos. Suave y cálido, perfecto para espacios femeninos.",22 cm de alto x 9 cm de ancho,300,TRUE,FALSE,,"reloj de arena, madera, rosado, 30 min",https://klugsystem-public-storage.s3.us-east-1.amazonaws.com/sweethome/assets/images/esculturas/esculturas-07.jpeg
esculturas-08,esculturas,Balanza de Metal Bronce,"Balanza de metal color bronce, muy atractiva y llamativa como pieza de decoración del hogar. Evoca estilo apothecary vintage.","30 cm alto x 20 cm ancho, platos 13 cm de diámetro",325,TRUE,FALSE,,"balanza, metal, bronce, vintage, decoración",https://klugsystem-public-storage.s3.us-east-1.amazonaws.com/sweethome/assets/images/esculturas/esculturas-08.jpeg
esculturas-09,esculturas,Esculturas Blancas Entrelazadas,"Esculturas decorativas color blanco, formas entrelazadas y diseño abstracto. Ideales para dar un toque artístico y elegante a cualquier espacio.","Escultura grande 23 cm de alto, pequeña 19 cm de alto",275,TRUE,FALSE,,"escultura, blanco, entrelazadas, abstracta, decoración",https://klugsystem-public-storage.s3.us-east-1.amazonaws.com/sweethome/assets/images/esculturas/esculturas-09.jpeg
esculturas-10,esculturas,Frutero de Metal con Base de Vidrio,"Frutero de metal con base de vidrio, elegante y moderno. Eleva la presentación de tus frutas con estilo.",10 cm de altura y 30 cm de diámetro,200,TRUE,FALSE,,"frutero, metal, vidrio, elegante, moderno",https://klugsystem-public-storage.s3.us-east-1.amazonaws.com/sweethome/assets/images/esculturas/esculturas-10.jpeg
